date,cut_key,cut_name,store,item_name,raw_price,raw_unit,price_per_kg,postal_code,valid_to,item_id,flyer_id,retailer_url
2026-03-21,beef_ground_regular,Ground beef (regular),Sobeys,Fresh Lean Ground Beef,6.99,defaulted_lb,15.41,M5V3L9,2026-03-26T03:59:59+00:00,1000785968,7843431,
2026-03-21,beef_ground_regular,Ground beef (regular),Food Basics,MEDIUM GROUND BEEF FAMILY PACK,4.87,defaulted_lb,10.74,M5V3L9,2026-03-26T03:59:59+00:00,1000498437,7838080,
2026-03-21,beef_ground_regular,Ground beef (regular),FreshCo,Lean Ground Beef 450 g,9.0,defaulted_lb,19.84,M5V3L9,2026-03-26T03:59:59+00:00,999970128,7834668,
2026-03-21,beef_ground_regular,Ground beef (regular),Walmart,Your Fresh Market™ halal lean ground beef,8.78,defaulted_lb,19.36,M5V3L9,2026-03-26T03:59:59+00:00,999491404,7829202,
2026-03-21,beef_ground_regular,Ground beef (regular),Metro,LEAN GROUND BEEF VALUE PACK,5.44,defaulted_lb,11.99,M5V3L9,2026-03-26T03:59:59+00:00,1000374058,7838110,
2026-03-21,beef_ground_regular,Ground beef (regular),Sobeys,Fresh Lean Ground Beef,7.99,defaulted_lb,17.61,M5V3L9,2026-03-26T03:59:59+00:00,1000786145,7843431,
2026-03-21,beef_ground_regular,Ground beef (regular),Fortinos,SHEFA MEDIUM GROUND BEEF,9.99,defaulted_lb,22.02,M5V3L9,2026-03-26T03:59:59+00:00,1000676997,7837929,
2026-03-21,beef_ground_regular,Ground beef (regular),Sobeys,Fresh Medium Ground Chuck Beef Burgers,8.99,defaulted_lb,19.82,M5V3L9,2026-03-26T03:59:59+00:00,1000786164,7843431,
2026-03-21,beef_ground_regular,Ground beef (regular),Sobeys,"Fresh Premium Cheesy, & or Bacon & Cheddar Medium Ground Chuck Beef Burgers",9.99,defaulted_lb,22.02,M5V3L9,2026-03-26T03:59:59+00:00,1000786167,7843431,
2026-03-21,beef_ground_medium,Ground beef (medium),Food Basics,MEDIUM GROUND BEEF FAMILY PACK,4.87,defaulted_lb,10.74,M5V3L9,2026-03-26T03:59:59+00:00,1000498437,7838080,
2026-03-21,beef_ground_medium,Ground beef (medium),Fortinos,SHEFA MEDIUM GROUND BEEF,9.99,defaulted_lb,22.02,M5V3L9,2026-03-26T03:59:59+00:00,1000676997,7837929,
2026-03-21,beef_ground_medium,Ground beef (medium),Sobeys,Fresh Medium Ground Chuck Beef Burgers,8.99,defaulted_lb,19.82,M5V3L9,2026-03-26T03:59:59+00:00,1000786164,7843431,
2026-03-21,beef_ground_medium,Ground beef (medium),Sobeys,"Fresh Premium Cheesy, & or Bacon & Cheddar Medium Ground Chuck Beef Burgers",9.99,defaulted_lb,22.02,M5V3L9,2026-03-26T03:59:59+00:00,1000786167,7843431,
2026-03-21,beef_ground_lean,Ground beef (lean),Metro,LEAN GROUND BEEF VALUE PACK,5.44,defaulted_lb,11.99,M5V3L9,2026-03-26T03:59:59+00:00,1000374058,7838110,
2026-03-21,beef_ground_lean,Ground beef (lean),FreshCo,Lean Ground Beef 450 g,9.0,defaulted_lb,19.84,M5V3L9,2026-03-26T03:59:59+00:00,999970128,7834668,
2026-03-21,beef_ground_lean,Ground beef (lean),Walmart,Your Fresh Market™ halal lean ground beef,8.78,defaulted_lb,19.36,M5V3L9,2026-03-26T03:59:59+00:00,999491404,7829202,
2026-03-21,beef_ground_lean,Ground beef (lean),Sobeys,Fresh Lean Ground Beef,6.99,defaulted_lb,15.41,M5V3L9,2026-03-26T03:59:59+00:00,1000785968,7843431,
2026-03-21,beef_ground_lean,Ground beef (lean),Sobeys,Fresh Lean Ground Beef,7.99,defaulted_lb,17.61,M5V3L9,2026-03-26T03:59:59+00:00,1000786145,7843431,
2026-03-21,beef_ground_lean,Ground beef (lean),Sobeys,Fresh Lean Ground Beef Burgers,8.99,defaulted_lb,19.82,M5V3L9,2026-03-26T03:59:59+00:00,1000786157,7843431,
2026-03-21,beef_ground_lean,Ground beef (lean),No Frills,"SUFRA® HALAL LEAN GROUND BEEF, 454 g",7.49,defaulted_lb,16.51,L4T0A1,2026-03-26T03:59:59+00:00,1000151946,7838425,
2026-03-21,beef_ground_lean,Ground beef (lean),Loblaws,"GRASS FED EXTRA LEAN GROUND BEEF, 450 G",8.5,defaulted_lb,18.74,L4T0A1,2026-03-26T03:59:59+00:00,1000153244,7837844,
2026-03-21,beef_ground_lean,Ground beef (lean),Metro,BOEUF HACHÉ MAIGRE | LEAN GROUND BEEF,8.99,defaulted_lb,19.82,K1A0A1,2026-03-26T03:59:59+00:00,1000091726,7838031,
2026-03-21,beef_ground_lean,Ground beef (lean),Maxi,BŒUF HACHÉ EXTRA-MAIGRE | extra lean ground beef,9.0,defaulted_lb,19.84,K1A0A1,2026-03-26T03:59:59+00:00,999854658,7836354,
2026-03-21,beef_ground_lean,Ground beef (lean),Zehrs,"GRASS FED EXTRA LEAN GROUND BEEF, 450 G",8.5,defaulted_lb,18.74,N2L3G1,2026-03-26T03:59:59+00:00,1000302016,7838057,
2026-03-21,beef_ground_extra_lean,Ground beef (extra lean),Loblaws,"GRASS FED EXTRA LEAN GROUND BEEF, 450 G",8.5,defaulted_lb,18.74,L4T0A1,2026-03-26T03:59:59+00:00,1000153244,7837844,
2026-03-21,beef_ground_extra_lean,Ground beef (extra lean),Maxi,BŒUF HACHÉ EXTRA-MAIGRE | extra lean ground beef,9.0,defaulted_lb,19.84,K1A0A1,2026-03-26T03:59:59+00:00,999854658,7836354,
2026-03-21,beef_ground_extra_lean,Ground beef (extra lean),Zehrs,"GRASS FED EXTRA LEAN GROUND BEEF, 450 G",8.5,defaulted_lb,18.74,N2L3G1,2026-03-26T03:59:59+00:00,1000302016,7838057,
2026-03-21,beef_striploin,Beef striploin / NY strip,Metro,LIFE SMART NATURALIA GRASS FED BONELESS RIB STEAK OR STRIP LOIN STEAK,20.99,defaulted_lb,46.27,M5V3L9,2026-03-26T03:59:59+00:00,1000395656,7838110,
2026-03-21,beef_sirloin,Beef top sirloin,Fortinos,SIRLOIN TIP STEAK,7.99,defaulted_lb,17.61,M5V3L9,2026-03-26T03:59:59+00:00,1000656765,7837929,
2026-03-21,beef_sirloin,Beef top sirloin,Metro,PLATINUM GRILL ANGUS BONELESS INSIDE ROUND OR SIRLOIN TIP ROAST OR VALUE PACK STEAK,9.99,defaulted_lb,22.02,M5V3L9,2026-03-26T03:59:59+00:00,1000395642,7838110,
2026-03-21,beef_sirloin,Beef top sirloin,Loblaws,SIRLOIN TIP STEAK,7.99,defaulted_lb,17.61,M5V3L9,2026-03-26T03:59:59+00:00,1000405972,7837874,
2026-03-21,beef_sirloin,Beef top sirloin,Sobeys,STERLING SILVER Fresh Boneless Top Sirloin Grilling Steaks Family Size or Premium Oven Roast,15.99,defaulted_lb,35.25,M5V3L9,2026-03-26T03:59:59+00:00,1000786199,7843431,
2026-03-21,beef_sirloin,Beef top sirloin,Walmart,Marcangelo pork sirloin roast,12.0,defaulted_lb,26.46,M5V3L9,2026-03-26T03:59:59+00:00,999702228,7832055,
2026-03-21,beef_sirloin,Beef top sirloin,Metro,"BIFTECK DE HAUT DE SURLONGE (BOSTON) DÉSOSSÉ SANS CULOTTE |BONELESS TOP SIRLOIN (BOSTON) STEAK, CAP OFF",15.99,defaulted_lb,35.25,K1A0A1,2026-03-26T03:59:59+00:00,1000091896,7838031,
2026-03-21,beef_inside_round,Beef inside round roast,Sobeys,STERLING SILVER Fresh Boneless Inside Round Oven Roast or Marinating Steaks,7.99,defaulted_lb,17.61,M5V3L9,2026-03-26T03:59:59+00:00,1000785946,7843431,
2026-03-21,beef_inside_round,Beef inside round roast,Metro,PLATINUM GRILL ANGUS BONELESS INSIDE ROUND OR SIRLOIN TIP ROAST OR VALUE PACK STEAK,9.99,defaulted_lb,22.02,M5V3L9,2026-03-26T03:59:59+00:00,1000395642,7838110,
2026-03-21,beef_blade_roast,Beef blade roast,Food Basics,FRESH BONELESS INSIDE BLADE ROAST OR FAMILY PACK STEAKS,11.99,defaulted_lb,26.43,M5V3L9,2026-03-26T03:59:59+00:00,1000516468,7838080,
2026-03-21,beef_blade_roast,Beef blade roast,IGA,BONELESS BOTTOM BLADE ROAST,6.88,defaulted_lb,15.17,K1A0A1,2026-03-26T03:59:59+00:00,1001203092,7842461,
2026-03-21,beef_blade_roast,Beef blade roast,Metro,RÔTI DE BAS DE PALETTE DÉSOSSÉ | BONELESS BOTTOM BLADE ROAST,12.99,defaulted_lb,28.64,K1A0A1,2026-03-26T03:59:59+00:00,1000092147,7838031,
2026-03-21,beef_brisket,Beef brisket,Metro,SHEFA SINGLE BEEF BRISKET,23.99,defaulted_lb,52.89,M5V3L9,2026-04-02T03:59:59+00:00,1000219402,7838528,
2026-03-21,beef_brisket,Beef brisket,Loblaws,RACHEL'S CORNED BEEF BRISKET,7.99,defaulted_lb,17.61,M5V3L9,2026-03-26T03:59:59+00:00,1000369701,7837874,
2026-03-21,beef_brisket,Beef brisket,Fortinos,RACHEL'S CORNED BEEF BRISKET,7.99,defaulted_lb,17.61,M5V3L9,2026-03-26T03:59:59+00:00,1000658602,7837929,
2026-03-21,beef_brisket,Beef brisket,Loblaws,KOSHER PICKLED BEEF BRISKET,25.0,defaulted_lb,55.12,M5V3L9,2026-04-09T03:59:59+00:00,1000369203,7838648,
2026-03-21,beef_stewing,Beef stewing cubes,No Frills,BONELESS STEWING BEEF,11.99,defaulted_lb,26.43,M5V3L9,2026-03-26T03:59:59+00:00,1000148042,7838433,
2026-03-21,beef_stewing,Beef stewing cubes,Fortinos,"SUFRA® HALAL STEWING BEEF, 454 G",12.99,defaulted_lb,28.64,L4T0A1,2026-03-26T03:59:59+00:00,1000658357,7837930,
2026-03-21,beef_stewing,Beef stewing cubes,IGA,FRESH STEWING BEEF CUBES,9.99,defaulted_lb,22.02,K1A0A1,2026-03-26T03:59:59+00:00,1000637496,7842461,
2026-03-21,pork_chop_bonein,Pork chops (bone-in),Food Basics,LEGACY MARINATED BONE-IN PORK CHOPS,8.99,defaulted_lb,19.82,M5V3L9,2026-03-26T03:59:59+00:00,1000525372,7838080,
2026-03-21,pork_chop_boneless,Pork chops (boneless),Metro,CÔTELETTES DE PORC FRAIS DÉSOSSÉES | FRESH BONELESS PORK CHOPS,3.99,defaulted_lb,8.8,K1A0A1,2026-03-26T03:59:59+00:00,1000091874,7838031,
2026-03-21,pork_tenderloin,Pork tenderloin,Sobeys,Fresh Pork Loin Back Ribs or Fresh Pork Tenderloin,3.99,defaulted_lb,8.8,M5V3L9,2026-03-26T03:59:59+00:00,1000115915,7838506,
2026-03-21,pork_tenderloin,Pork tenderloin,No Frills,PORK TENDERLOIN,3.49,defaulted_lb,7.69,M5V3L9,2026-03-26T03:59:59+00:00,1000148040,7838433,
2026-03-21,pork_tenderloin,Pork tenderloin,Metro,IRRESISTIBLE PORK TENDERLOIN,6.99,defaulted_lb,15.41,M5V3L9,2026-03-26T03:59:59+00:00,1000395913,7838110,
2026-03-21,pork_tenderloin,Pork tenderloin,IGA,RICARDO FRESH SEASONED PORK TENDERLOINS,9.99,defaulted_lb,22.02,K1A0A1,2026-03-26T03:59:59+00:00,1000638041,7842461,
2026-03-21,pork_tenderloin,Pork tenderloin,Metro,FILET DE PORC DUBRETON | DUBRETON PORK TENDERLOIN,11.99,defaulted_lb,26.43,K1A0A1,2026-03-26T03:59:59+00:00,1000092323,7838031,
2026-03-21,pork_tenderloin,Pork tenderloin,Metro,FILET DE PORC MAPLE LEAF | MAPLE LEAF COOKED PORK TENDERLOIN,12.99,defaulted_lb,28.64,K1A0A1,2026-03-26T03:59:59+00:00,1000092460,7838031,
2026-03-21,pork_shoulder,Pork shoulder roast,Metro,ÉPAULE DE PORC OLYMEL | OLYMEL BONELESS PORK SHOULDER BUTT,4.99,defaulted_lb,11.0,K1A0A1,2026-03-26T03:59:59+00:00,1000092273,7838031,
2026-03-21,pork_shoulder,Pork shoulder roast,IGA,FRESH BONELESS PORK SHOULDER ROAST,4.99,defaulted_lb,11.0,K1A0A1,2026-03-26T03:59:59+00:00,1000638532,7842461,
2026-03-21,pork_back_ribs,Pork back ribs,Sobeys,Fresh Pork Loin Back Ribs or Fresh Pork Tenderloin,3.99,defaulted_lb,8.8,M5V3L9,2026-03-26T03:59:59+00:00,1000115915,7838506,
2026-03-21,pork_back_ribs,Pork back ribs,Metro,IRRESISTIBLE PORK BACK RIBS,12.99,defaulted_lb,28.64,M5V3L9,2026-03-26T03:59:59+00:00,1000396012,7838110,
2026-03-21,pork_back_ribs,Pork back ribs,Loblaws,"SWISS CHALET OR MONTANA'S PORK BACK RIBS, 600/650 G",15.0,defaulted_lb,33.07,L4T0A1,2026-03-26T03:59:59+00:00,1000223169,7837844,
2026-03-21,pork_back_ribs,Pork back ribs,Metro,CÔTES DE DOS DE PORC FRAIS | FRESH PORK BACK RIBS,6.99,defaulted_lb,15.41,K1A0A1,2026-03-26T03:59:59+00:00,1000091997,7838031,
2026-03-21,pork_back_ribs,Pork back ribs,IGA,PLAISIRS GASTRONOMIQUES PORK BACK RIBS,14.99,defaulted_lb,33.05,K1A0A1,2026-03-26T03:59:59+00:00,1000633955,7842461,
2026-03-21,pork_back_ribs,Pork back ribs,Metro,CÔTES DE DOS DE PORC CUITES PLAISIRS GASTRONOMIQUES | PLAISIRS GASTRONOMIQUES COOKED PORK BACK RIBS,13.99,defaulted_lb,30.84,K1A0A1,2026-03-26T03:59:59+00:00,1000092595,7838031,
2026-03-21,pork_back_ribs,Pork back ribs,Zehrs,"SWISS CHALET OR MONTANA'S PORK BACK RIBS, 600/650 G",15.0,defaulted_lb,33.07,N2L3G1,2026-03-26T03:59:59+00:00,1000209516,7838057,
2026-03-21,pork_side_ribs,Pork side ribs,Loblaws,PORK SIDE RIB PORTION,2.5,defaulted_lb,5.51,L4T0A1,2026-03-26T03:59:59+00:00,1000175836,7837844,
2026-03-21,pork_side_ribs,Pork side ribs,Zehrs,PORK SIDE RIB PORK SIDE RIB,2.5,defaulted_lb,5.51,N2L3G1,2026-03-26T03:59:59+00:00,1000289635,7838057,
2026-03-21,pork_belly,Pork belly,Metro,FRESH PORK BELLIES,6.99,defaulted_lb,15.41,M5V3L9,2026-03-26T03:59:59+00:00,1000395663,7838110,
2026-03-21,pork_belly,Pork belly,Sobeys,"COMPLIMENTS Angus, Sirloin or Prime Rib Beef Burgers or Angus Beef & Pork Belly Burgers",15.99,defaulted_lb,35.25,M5V3L9,2026-03-26T03:59:59+00:00,1000786161,7843431,
2026-03-21,pork_ground,Ground pork,Fortinos,LEAN GROUND PORK,3.99,defaulted_lb,8.8,M5V3L9,2026-03-26T03:59:59+00:00,1000656821,7837929,
2026-03-21,pork_ground,Ground pork,Loblaws,LEAN GROUND PORK,3.99,defaulted_lb,8.8,M5V3L9,2026-03-26T03:59:59+00:00,1000363966,7837874,
2026-03-21,pork_ground,Ground pork,No Frills,LEAN GROUND PORK,4.0,defaulted_lb,8.82,L4T0A1,2026-03-26T03:59:59+00:00,1000150746,7838425,
2026-03-21,chicken_whole,Whole chicken,Metro,FRESH KOSHER CUT UP WHOLE CHICKEN,3.99,defaulted_lb,8.8,M5V3L9,2026-04-02T03:59:59+00:00,1000219516,7838528,
2026-03-21,chicken_whole,Whole chicken,Loblaws,YORKSHIRE VALLEY FARMS WHOLE CHICKEN,4.99,defaulted_lb,11.0,M5V3L9,2026-03-26T03:59:59+00:00,1000406054,7837874,
2026-03-21,chicken_whole,Whole chicken,Sobeys,"Fresh AIR-CHILLED Whole Chicken, Drumsticks or Bone-In Thighs",4.99,defaulted_lb,11.0,M5V3L9,2026-03-26T03:59:59+00:00,1000115944,7838506,
2026-03-21,chicken_whole,Whole chicken,Fortinos,YORKSHIRE VALLEY FARMS WHOLE CHICKEN,4.99,defaulted_lb,11.0,M5V3L9,2026-03-26T03:59:59+00:00,1000655947,7837929,
2026-03-21,chicken_whole,Whole chicken,Sobeys,"COMPLIMENTS Fresh AIR-CHILLED Whole Chicken, Drumsticks or Bone-In Thighs",4.49,defaulted_lb,9.9,M5V3L9,2026-03-26T03:59:59+00:00,1000785970,7843431,
2026-03-21,chicken_whole,Whole chicken,Metro,POULET ENTIER | FRESH WHOLE CHICKEN,4.49,defaulted_lb,9.9,K1A0A1,2026-03-26T03:59:59+00:00,1000091719,7838031,
2026-03-21,chicken_whole,Whole chicken,IGA,EXCELDOR FRESH WHOLE CHICKENS,2.88,defaulted_lb,6.35,K1A0A1,2026-03-26T03:59:59+00:00,1001203042,7842461,
2026-03-21,chicken_whole,Whole chicken,IGA,FERME DES VOLTIGEURS ORGANIC WHOLE CHICKEN,6.49,defaulted_lb,14.31,K1A0A1,2026-03-26T03:59:59+00:00,1000637951,7842461,
2026-03-21,chicken_breast,Chicken breast (boneless),FreshCo,Mina Halal Boneless Skinless Chicken Breasts 4 pieces,10.0,defaulted_lb,22.05,M5V3L9,2026-03-26T03:59:59+00:00,999904857,7834668,
2026-03-21,chicken_breast,Chicken breast (boneless),Loblaws,PC® BLUE MENU® BONELESS SKINLESS CHICKEN BREAST OR MINA HALAL BONELESS SKINLESS CHICKEN BREAST,5.99,defaulted_lb,13.21,M5V3L9,2026-03-26T03:59:59+00:00,1000348930,7837874,
2026-03-21,chicken_breast,Chicken breast (boneless),Fortinos,PC® BLUE MENU BONELESS SKINLESS CHICKEN BREAST OR CLUB PACK OR MINA HALAL BONELESS SKINLESS CHICKEN BREAST,5.99,defaulted_lb,13.21,M5V3L9,2026-03-26T03:59:59+00:00,1000655875,7837929,
2026-03-21,chicken_breast,Chicken breast (boneless),Metro,MAPLE LEAF PRIME RAISED WITHOUT ANTIBIOTICS FRESH CHICKEN BREAST FILLETS BONELESS SKINLESS,12.99,defaulted_lb,28.64,M5V3L9,2026-03-26T03:59:59+00:00,1000395682,7838110,
2026-03-21,chicken_breast,Chicken breast (boneless),IGA,FRESH BONELESS CHICKEN BREASTS,8.49,defaulted_lb,18.72,K1A0A1,2026-03-26T03:59:59+00:00,1000637592,7842461,
2026-03-21,chicken_breast,Chicken breast (boneless),Metro,HAUTS DE CUISSES DE POULET DÉSOSSÉS | FRESH BONELESS CHICKEN BREASTS,8.99,defaulted_lb,19.82,K1A0A1,2026-03-26T03:59:59+00:00,1000091798,7838031,
2026-03-21,chicken_breast,Chicken breast (boneless),Metro,POITRINES DE POULET DÉSOSSÉES EXCELDOR | EXCELDOR BONELESS CHICKEN BREASTS,9.99,defaulted_lb,22.02,K1A0A1,2026-03-26T03:59:59+00:00,1000092576,7838031,
2026-03-21,chicken_thigh_bonein,Chicken thighs (bone-in),Walmart,Maple Leaf Prime bone-in chicken thighs raised without antibiotics,12.0,defaulted_lb,26.46,M5V3L9,2026-03-26T03:59:59+00:00,999678855,7832055,
2026-03-21,chicken_thigh_bonein,Chicken thighs (bone-in),Sobeys,"Fresh AIR-CHILLED Whole Chicken, Drumsticks or Bone-In Thighs",4.99,defaulted_lb,11.0,M5V3L9,2026-03-26T03:59:59+00:00,1000115944,7838506,
2026-03-21,chicken_thigh_bonein,Chicken thighs (bone-in),Sobeys,"COMPLIMENTS Fresh AIR-CHILLED Whole Chicken, Drumsticks or Bone-In Thighs",4.49,defaulted_lb,9.9,M5V3L9,2026-03-26T03:59:59+00:00,1000785970,7843431,
2026-03-21,chicken_thigh_boneless,Chicken thighs (boneless),Walmart,Mina halal boneless skinless chicken thighs,8.38,defaulted_lb,18.47,M5V3L9,2026-03-26T03:59:59+00:00,1000934548,7829202,
2026-03-21,chicken_thigh_boneless,Chicken thighs (boneless),Metro,YORKSHIRE VALLEY FARMS ORGANIC FRESH BONELESS SKINLESS CHICKEN BREAST OR THIGHS,12.99,defaulted_lb,28.64,M5V3L9,2026-03-26T03:59:59+00:00,1000395720,7838110,
2026-03-21,chicken_thigh_boneless,Chicken thighs (boneless),IGA,PRIX CLUB FRESH BONELESS CHICKEN THIGHS,25.0,defaulted_lb,55.12,K1A0A1,2026-03-26T03:59:59+00:00,1000637030,7842461,
2026-03-21,chicken_drumsticks,Chicken drumsticks,No Frills,CHICKEN DRUMSTICKS,1.99,defaulted_lb,4.39,M5V3L9,2026-03-26T03:59:59+00:00,1000147285,7838433,
2026-03-21,chicken_drumsticks,Chicken drumsticks,Food Basics,MAPLE LEAF PRIME RAISED WITHOUT ANTIBIOTICS CHICKEN DRUMSTICKS OR THIGHS FAMILY PACK,4.49,defaulted_lb,9.9,M5V3L9,2026-03-26T03:59:59+00:00,1000500330,7838080,
2026-03-21,chicken_drumsticks,Chicken drumsticks,Metro,FRESH CHICKEN LEG QUARTERS,1.99,defaulted_lb,4.39,M5V3L9,2026-03-26T03:59:59+00:00,1000374309,7838110,
2026-03-21,chicken_drumsticks,Chicken drumsticks,Sobeys,Marinated Fresh Chicken Drumsticks or Thighs,4.99,defaulted_lb,11.0,M5V3L9,2026-03-26T03:59:59+00:00,1000787007,7843431,
2026-03-21,chicken_drumsticks,Chicken drumsticks,Loblaws,PC® BLUE MENU® SKINLESS CHICKEN DRUMSTICKS,6.49,defaulted_lb,14.31,M5V3L9,2026-03-26T03:59:59+00:00,1000349831,7837874,
2026-03-21,chicken_drumsticks,Chicken drumsticks,Fortinos,PC® BLUE MENU® SKINLESS CHICKEN DRUMSTICKS,6.49,defaulted_lb,14.31,M5V3L9,2026-03-26T03:59:59+00:00,1000656834,7837929,
2026-03-21,chicken_drumsticks,Chicken drumsticks,Sobeys,BBQ Chicken Legs,9.99,defaulted_lb,22.02,M5V3L9,2026-03-26T03:59:59+00:00,1000786891,7843431,
2026-03-21,chicken_drumsticks,Chicken drumsticks,Metro,KEBAB FACTORY CHICKEN KEBABS OR LEG PIECES,8.99,defaulted_lb,19.82,M5V3L9,2026-03-26T03:59:59+00:00,1000907676,7838110,
2026-03-21,chicken_drumsticks,Chicken drumsticks,Sobeys,"COMPLIMENTS Fresh AIR-CHILLED Whole Chicken, Drumsticks or Bone-In Thighs",4.49,defaulted_lb,9.9,M5V3L9,2026-03-26T03:59:59+00:00,1000785970,7843431,
2026-03-21,chicken_drumsticks,Chicken drumsticks,No Frills,SUFRA® HALAL CHICKEN DRUMSTICKS fresh up to 840 g,8.0,defaulted_lb,17.64,L4T0A1,2026-03-26T03:59:59+00:00,1000151976,7838425,
2026-03-21,chicken_drumsticks,Chicken drumsticks,Provigo,CHICKEN DRUMSTICKS,2.49,defaulted_lb,5.49,K1A0A1,2026-03-26T03:59:59+00:00,1000627539,7837881,
2026-03-21,chicken_drumsticks,Chicken drumsticks,Maxi,"PILONS DE POULET SUFRA® HALAL | HALAL CHICKEN DRUMSTICKS, JUSQU' À 1,575 KG",14.0,kg,14.0,K1A0A1,2026-03-26T03:59:59+00:00,999862949,7836354,
2026-03-21,chicken_drumsticks,Chicken drumsticks,IGA,PRIX CLUB FRESH CHICKEN DRUMSTICKS,18.0,defaulted_lb,39.68,K1A0A1,2026-03-26T03:59:59+00:00,1000637198,7842461,
2026-03-21,chicken_drumsticks,Chicken drumsticks,Metro,CUISSES DE POULET FRAIS AVEC DOS | FRESH CHICKEN LEGS WITH BACK,3.99,defaulted_lb,8.8,K1A0A1,2026-03-26T03:59:59+00:00,1000091924,7838031,
2026-03-21,chicken_drumsticks,Chicken drumsticks,Metro,REPAS DEMI-CÔTES LEVÉES ET CUISSE DE POULET | HALF RIBS AND CHICKEN LEG MEAL,16.99,defaulted_lb,37.46,K1A0A1,2026-03-26T03:59:59+00:00,1000094374,7838031,
2026-03-21,chicken_wings,Chicken wings,FreshCo,Janes Ultimates Chicken Wings Frozen 754 g,9.99,defaulted_lb,22.02,M5V3L9,2026-03-26T03:59:59+00:00,999889588,7834668,
2026-03-21,chicken_wings,Chicken wings,Food Basics,PINTY'S CHICKEN WINGS,15.99,defaulted_lb,35.25,M5V3L9,2026-03-26T03:59:59+00:00,1000513450,7838080,
2026-03-21,chicken_wings,Chicken wings,Metro,JANES PUB STYLE BREADED CHICKEN OR WINGS,6.88,defaulted_lb,15.17,M5V3L9,2026-03-26T03:59:59+00:00,1000374221,7838110,
2026-03-21,chicken_wings,Chicken wings,Food Basics,FRESH CHICKEN WINGS,3.99,defaulted_lb,8.8,M5V3L9,2026-03-26T03:59:59+00:00,1000499088,7838080,
2026-03-21,chicken_wings,Chicken wings,No Frills,SPLIT CHICKEN WINGS OR PC® FREE FROM® SPLIT CHICKEN WINGS,4.99,defaulted_lb,11.0,M5V3L9,2026-03-26T03:59:59+00:00,1000148044,7838433,
2026-03-21,chicken_wings,Chicken wings,Metro,FRESH SPLIT CHICKEN WINGS,5.99,defaulted_lb,13.21,M5V3L9,2026-03-26T03:59:59+00:00,1000395674,7838110,
2026-03-21,chicken_wings,Chicken wings,Sobeys,"COMPLIMENTS Frozen Chicken Wings or MAPLE LEAF PRIME Raised Without Antibiotics Chicken Wings, Breaded Chicken, or Stuffed Chicken Cutlets",9.99,defaulted_lb,22.02,M5V3L9,2026-03-26T03:59:59+00:00,1000115946,7838506,
2026-03-21,chicken_wings,Chicken wings,Loblaws,"PINTY'S CHICKEN WINGS, FLINGS OR CHUNKS, 700-750 G",18.99,defaulted_lb,41.87,M5V3L9,2026-03-26T03:59:59+00:00,1000372395,7837874,
2026-03-21,chicken_wings,Chicken wings,Fortinos,"PINTY'S CHICKEN WING FLINGS OR CHUNKS, 700-750 G",18.99,defaulted_lb,41.87,M5V3L9,2026-03-26T03:59:59+00:00,1000658603,7837929,
2026-03-21,chicken_wings,Chicken wings,No Frills,"ZABIHA HALAL CHICKEN WINGS OR BREADED CHICKEN BREAST FILLET, 908 G",14.99,defaulted_lb,33.05,L4T0A1,2026-03-26T03:59:59+00:00,1000151965,7838425,
2026-03-21,chicken_wings,Chicken wings,Metro,AILES DE POULET FLAMINGO | FLAMINGO FROZEN CHICKEN WINGS,14.99,defaulted_lb,33.05,K1A0A1,2026-03-26T03:59:59+00:00,1000092494,7838031,
2026-03-21,chicken_wings,Chicken wings,IGA,FLAMINGO FROZEN CHICKEN WINGS,13.99,defaulted_lb,30.84,K1A0A1,2026-03-26T03:59:59+00:00,1000634031,7842461,
2026-03-21,chicken_wings,Chicken wings,Metro,REPAS 8 AILES DE POULET | 8 CHICKEN WINGS MEAL,11.99,defaulted_lb,26.43,K1A0A1,2026-03-26T03:59:59+00:00,1000094342,7838031,
2026-03-21,chicken_wings,Chicken wings,Zehrs,"PC® SPLIT CHICKEN WINGS, UP TO 990 G",14.0,defaulted_lb,30.86,N2L3G1,2026-03-26T03:59:59+00:00,1000194851,7838057,
2026-03-21,chicken_ground,Ground chicken,Loblaws,"PC® BLUE MENU® GROUND CHICKEN, 454 G",8.0,defaulted_lb,17.64,L4T0A1,2026-03-26T03:59:59+00:00,1000227418,7837844,
2026-03-21,chicken_ground,Ground chicken,Fortinos,"MINA HALAL EXTRA LEAN GROUND CHICKEN, 454 G",7.99,defaulted_lb,17.61,L4T0A1,2026-03-26T03:59:59+00:00,1000658358,7837930,
2026-03-21,turkey_breast,Turkey breast,Loblaws,"PILLER'S BLACK FOREST HAM OR SMOKED TURKEY BREAST, 3.09/100 G",13.99,100g,139.9,M5V3L9,2026-03-26T03:59:59+00:00,1000363830,7837874,
2026-03-21,turkey_breast,Turkey breast,Fortinos,"PILLER'S BLACK FOREST HAM OR SMOKED TURKEY BREAST, 3.09/100 G",13.99,100g,139.9,M5V3L9,2026-03-26T03:59:59+00:00,1000657013,7837929,
2026-03-21,lamb_leg,Leg of lamb,Fortinos,WHOLE LAMB LEG,5.99,defaulted_lb,13.21,M5V3L9,2026-03-26T03:59:59+00:00,1000655986,7837929,
2026-03-21,lamb_leg,Leg of lamb,Loblaws,"whole lamb leg fresh, bone in,product of New Zealand,13.21/kg",5.99,kg,5.99,M5V3L9,2026-03-26T03:59:59+00:00,1000407057,7837874,
2026-03-21,lamb_leg,Leg of lamb,Sobeys,SUNGOLD Fresh Boneless Lamb Leg,12.99,defaulted_lb,28.64,M5V3L9,2026-03-26T03:59:59+00:00,1000786819,7843431,
2026-03-21,lamb_chops,Lamb chops,Real Canadian Superstore,"PC® FREE FROM ROSEMARY OR GARLIC LAMB LOIN CHOPS, 39.66/KG",17.99,kg,17.99,M5V3L9,2026-03-26T03:59:59+00:00,1000082893,7837770,
2026-03-21,lamb_chops,Lamb chops,Loblaws,LAMB SHOULDER CHOPS CLUB PACK OR FROZEN GOAT CHOPS,6.0,defaulted_lb,13.23,L4T0A1,2026-03-26T03:59:59+00:00,1000179066,7837844,
2026-03-21,lamb_chops,Lamb chops,Zehrs,LAMB SHOULDER CHOPS OR FROZEN GOAT CHOPS,6.0,defaulted_lb,13.23,N2L3G1,2026-03-26T03:59:59+00:00,1000162022,7838057,
2026-03-21,salmon_fillet,Salmon fillets,Giant Tiger,Aqua Star frozen wild Pacific pink salmon fillets,5.97,defaulted_lb,13.16,M5V3L9,2026-03-25T03:59:59+00:00,1000633646,7842221,
2026-03-21,salmon_fillet,Salmon fillets,Loblaws,FRESH ATLANTIC SALMON FILLET,15.99,defaulted_lb,35.25,M5V3L9,2026-03-26T03:59:59+00:00,1000349691,7837874,
2026-03-21,salmon_fillet,Salmon fillets,Loblaws,FRESH ATLANTIC SALMON FILLET,13.99,defaulted_lb,30.84,M5V3L9,2026-03-26T03:59:59+00:00,1000348956,7837874,
2026-03-21,salmon_fillet,Salmon fillets,Fortinos,FRESH ATLANTIC SALMON FILLET,15.99,defaulted_lb,35.25,M5V3L9,2026-03-26T03:59:59+00:00,1000656879,7837929,
2026-03-21,salmon_fillet,Salmon fillets,Fortinos,FRESH ATLANTIC SALMON FILLET,13.99,defaulted_lb,30.84,M5V3L9,2026-03-26T03:59:59+00:00,1000655924,7837929,
2026-03-21,salmon_fillet,Salmon fillets,Fortinos,"KOL YAM FRESH ATLANTIC SALMON FILLET, 454 g",14.99,defaulted_lb,33.05,M5V3L9,2026-03-26T03:59:59+00:00,1000677002,7837929,
2026-03-21,salmon_fillet,Salmon fillets,Metro,FRESH ORGANIC CHINOOK CANADIAN SALMON FILLETS,19.99,defaulted_lb,44.07,M5V3L9,2026-03-26T03:59:59+00:00,1000376329,7838110,
2026-03-21,salmon_fillet,Salmon fillets,Sobeys,COMPLIMENTS NATURALLY SIMPLE Wild Pacific Pink Salmon Fillets,10.0,defaulted_lb,22.05,M5V3L9,2026-03-26T03:59:59+00:00,1000786874,7843431,
2026-03-21,salmon_fillet,Salmon fillets,Loblaws,"PC® BLUE MENU® ATLANTIC SALMON FILLETS, 280 G, PACIFIC JUMBO WHITE SHRIMP, 21-30 PER LB, 400 G",12.0,lb,26.46,L4T0A1,2026-03-26T03:59:59+00:00,1000220764,7837844,
2026-03-21,salmon_fillet,Salmon fillets,Provigo,FRESH ATLANTIC SALMON FILLETS,8.99,defaulted_lb,19.82,K1A0A1,2026-03-26T03:59:59+00:00,1000627545,7837881,
2026-03-21,salmon_fillet,Salmon fillets,Maxi,"FILET DE SAUMON DE L'ATLANTIQUE FRAIS | ATLANTIC SALMON FILLET, FRESH, 405 g",16.0,defaulted_lb,35.27,K1A0A1,2026-03-26T03:59:59+00:00,999854591,7836354,
2026-03-21,salmon_fillet,Salmon fillets,Metro,FILETS DE SAUMON SAUVAGE DU PACIFIQUE PRISE DU JOUR | CATCH OF THE DAY WILD PACIFIC SALMON FILLETS,16.99,defaulted_lb,37.46,K1A0A1,2026-03-26T03:59:59+00:00,1000092952,7838031,
2026-03-21,salmon_whole,Whole salmon,Food Basics,WHOLE RAINBOW TROUT OR SALMON PORTIONS,8.99,defaulted_lb,19.82,M5V3L9,2026-03-26T03:59:59+00:00,1000525310,7838080,
2026-03-21,tilapia,Tilapia,Real Canadian Superstore,"SEAQUEST™ WHOLE POMPANO,800 G OR TILAPIA, 1.36 KG",9.0,kg,9.0,M5V3L9,2026-03-26T03:59:59+00:00,1000082876,7837770,
2026-03-21,tilapia,Tilapia,Metro,WHOLE TILAPIA FAMILY PACK,8.99,defaulted_lb,19.82,M5V3L9,2026-03-26T03:59:59+00:00,1000907645,7838110,
2026-03-21,tilapia,Tilapia,IGA,"COMPLIMENTS SIMPLE FROZEN TILAPIA, WILD POLLOCK OR BASA FILLETS",5.99,defaulted_lb,13.21,K1A0A1,2026-03-26T03:59:59+00:00,1000637751,7842461,
2026-03-21,cod,Cod fillets,Metro,FOODFEST HADDOCK OR COD FILLETS,10.99,defaulted_lb,24.23,M5V3L9,2026-04-02T03:59:59+00:00,1000219548,7838528,
2026-03-21,cod,Cod fillets,Sobeys,40 FATHOMS Breaded Haddock or Cod Fillets,14.99,defaulted_lb,33.05,M5V3L9,2026-03-26T03:59:59+00:00,1000786214,7843431,
2026-03-21,cod,Cod fillets,No Frills,"CHELSEA COD FILLETS, 454 G",14.0,defaulted_lb,30.86,L4T0A1,2026-03-26T03:59:59+00:00,1000151751,7838425,
2026-03-21,cod,Cod fillets,Maxi,"FILETS DE MORUE CHELSEA | COD FILLETS, 454 g",12.99,defaulted_lb,28.64,K1A0A1,2026-03-26T03:59:59+00:00,999863369,7836354,
2026-03-21,shrimp,Shrimp (300g),Your Independent Grocer,"SEAQUEST® COLOSSAL PACIFIC WHITE SHRIMP, RAW ZIPPERBACK®, 16-20 PER LB, 300 G OR FISH FILLETS, 400 G",7.0,lb,15.43,M5V3L9,2026-03-26T03:59:59+00:00,1000367896,7838094,
2026-03-21,shrimp,Shrimp (300g),Fortinos,"PC® BLACK TIGER RAW ZIPPERBACK® SHRIMP, 16-20 per lb, 400g",14.99,lb,33.05,M5V3L9,2026-03-26T03:59:59+00:00,1000656922,7837929,
2026-03-21,shrimp,Shrimp (300g),Real Canadian Superstore,"SEAQUEST® COLOSSAL WHITE SHRIMP, 16-20/LB 300 G",7.99,lb,17.61,M5V3L9,2026-03-26T03:59:59+00:00,1000082753,7837770,
2026-03-21,shrimp,Shrimp (300g),Real Canadian Superstore,"SEAQUEST® PACIFIC WHITE SHRIMP 36-55/LB, 300 G OR BASA STEAKS 1 KG",12.0,kg,12.0,M5V3L9,2026-03-26T03:59:59+00:00,1000082233,7837770,
2026-03-21,shrimp,Shrimp (300g),Loblaws,"SEAQUEST COLOSSAL PACIFIC WHITE SHRIMP RAW ZIPPERBACK, 16-20 PER LB 300 G OR FISH FILLETS, 400 G",6.0,lb,13.23,L4T0A1,2026-03-26T03:59:59+00:00,1000171787,7837844,
2026-03-21,shrimp,Shrimp (300g),No Frills,"SEAQUEST® COLOSSAL RAW WHITE SHRIMP 16-20/LB, 300 G",8.0,lb,17.64,L4T0A1,2026-03-26T03:59:59+00:00,1000150927,7838425,
2026-03-21,shrimp,Shrimp (300g),Zehrs,"SEAQUEST® COLOSSAL PACIFIC WHITE SHRIMP, RAW, ZIPPERBACK®, 16-20 PER LB, 300 G OR FISH FILLETS, 400 G",6.0,lb,13.23,N2L3G1,2026-03-26T03:59:59+00:00,1000302353,7838057,
2026-03-21,tuna_steak,Tuna steak,Sobeys,Yellowfin Tuna Steaks,10.99,defaulted_lb,24.23,M5V3L9,2026-03-26T03:59:59+00:00,1000786219,7843431,
2026-03-21,tuna_steak,Tuna steak,Walmart,Great Value tuna,1.24,defaulted_lb,2.73,M5V3L9,2026-03-26T03:59:59+00:00,1000481851,7832055,
2026-03-21,tuna_steak,Tuna steak,IGA,FROZEN OR THAWED TUNA STEAK,14.99,defaulted_lb,33.05,K1A0A1,2026-03-26T03:59:59+00:00,1000637390,7842461,
2026-03-21,broccoli,Broccoli,Zehrs,"BROCCOLI CROWNS, 2.88 EA. OR SHANGHAI OR BABY BOK CHOY, 2.88 LB",2.88,lb,6.35,N2L3G1,2026-03-26T03:59:59+00:00,1000153304,7838057,
2026-03-21,potatoes_bag,Potatoes (bag),No Frills,"YELLOW OR RUSSET POTATOES, 10 LB BAG",1.97,lb,4.34,M5V3L9,2026-03-26T03:59:59+00:00,1000146833,7838433,
2026-03-21,potatoes_bag,Potatoes (bag),Your Independent Grocer,"FARMER'S MARKET™ RUSSET POTATOES, 10 LB BAG",2.0,lb,4.41,M5V3L9,2026-03-26T03:59:59+00:00,1000368075,7838094,
2026-03-21,potatoes_bag,Potatoes (bag),Real Canadian Superstore,"FARMER'S MARKET™ RUSSET OR WHITE POTATOES, 10 LB",2.0,lb,4.41,M5V3L9,2026-03-26T03:59:59+00:00,1000086186,7837770,
2026-03-21,potatoes_bag,Potatoes (bag),Independent City Market,"FARMER'S MARKET™ RUSSET POTATOES, 10 LB BAG",2.0,lb,4.41,M5V3L9,2026-03-26T03:59:59+00:00,1000145739,7837894,
2026-03-21,potatoes_bag,Potatoes (bag),Loblaws,"NO NAME® NATURALLY IMPERFECT RUSSET POTATOES, 5 LB BAG",3.5,lb,7.72,M5V3L9,2026-04-09T03:59:59+00:00,1000363973,7838648,
2026-03-21,sweet_potato,Sweet potatoes,Food Basics,SWEET POTATOES OR LONG SQUASH,0.82,defaulted_lb,1.81,M5V3L9,2026-03-26T03:59:59+00:00,1000512464,7838080,
2026-03-21,sweet_potato,Sweet potatoes,Metro,SWEET POTATOES,1.99,defaulted_lb,4.39,M5V3L9,2026-03-26T03:59:59+00:00,1000393526,7838110,
2026-03-21,sweet_potato,Sweet potatoes,Metro,ORGANIC SWEET POTATOES,6.99,defaulted_lb,15.41,M5V3L9,2026-03-26T03:59:59+00:00,1000394195,7838110,
2026-03-21,sweet_potato,Sweet potatoes,No Frills,SWEET POTATOES,1.49,defaulted_lb,3.28,L4T0A1,2026-03-26T03:59:59+00:00,1000148644,7838425,
2026-03-21,sweet_potato,Sweet potatoes,No Frills,CARIBBEAN SWEET POTATOES,1.79,defaulted_lb,3.95,L4T0A1,2026-03-26T03:59:59+00:00,1000151730,7838425,
2026-03-21,sweet_potato,Sweet potatoes,Loblaws,CARIBBEAN SWEET POTATOES,2.0,defaulted_lb,4.41,L4T0A1,2026-03-26T03:59:59+00:00,1000160490,7837844,
2026-03-21,sweet_potato,Sweet potatoes,Metro,SWEET POTATOES | PATATES DOUCES,1.69,defaulted_lb,3.73,K1A0A1,2026-03-26T03:59:59+00:00,1000393196,7838132,
2026-03-21,sweet_potato,Sweet potatoes,Maxi,PATATES DOUCES DES CARAÏBES | CARIBBEAN SWEET POTATOES,2.49,defaulted_lb,5.49,K1A0A1,2026-03-26T03:59:59+00:00,999863233,7836354,
2026-03-21,tomatoes,Tomatoes (loose),No Frills,TOMATOES ON THE VINE,2.49,defaulted_lb,5.49,M5V3L9,2026-03-26T03:59:59+00:00,1000148039,7838433,
2026-03-21,tomatoes,Tomatoes (loose),Loblaws,GREENHOUSE TOMATOES ON THE VINE,2.5,defaulted_lb,5.51,L4T0A1,2026-03-26T03:59:59+00:00,1000200417,7837844,
2026-03-21,tomatoes,Tomatoes (loose),Maxi,TOMATES SUR VIGNE | tomatoes on the vine,3.0,defaulted_lb,6.61,K1A0A1,2026-03-26T03:59:59+00:00,999855768,7836354,
2026-03-21,tomatoes,Tomatoes (loose),Zehrs,GREENHOUSE TOMATOES ON THE VINE,2.5,defaulted_lb,5.51,N2L3G1,2026-03-26T03:59:59+00:00,1000199349,7838057,
2026-03-21,peppers,Bell peppers,Food Basics,MINI SWEET PEPPERS OR MINI CUCUMBERS,3.99,defaulted_lb,8.8,M5V3L9,2026-03-26T03:59:59+00:00,1000510740,7838080,
2026-03-21,peppers,Bell peppers,FreshCo,Sweet Bell Peppers 4 pk Product of Mexico,4.99,defaulted_lb,11.0,M5V3L9,2026-03-26T03:59:59+00:00,999879772,7834668,
2026-03-21,peppers,Bell peppers,Metro,MINI SWEET PEPPERS,4.99,defaulted_lb,11.0,M5V3L9,2026-03-26T03:59:59+00:00,1000393991,7838110,
2026-03-21,peppers,Bell peppers,No Frills,"RED, ORANGE or YELLOW SWEET PEPPERS",3.99,defaulted_lb,8.8,L4T0A1,2026-03-26T03:59:59+00:00,1000148757,7838425,
2026-03-21,lettuce_romaine,Romaine lettuce,FreshCo,"Iceberg Lettuce Product of USA or Mexico No. 1 Grade Compliments Carrots or Yellow Onions 3 lb Bag Product of Ontario, Canada No. 1, 1.36 kg",2.99,kg,2.99,M5V3L9,2026-03-26T03:59:59+00:00,999971949,7834668,
2026-03-21,lettuce_romaine,Romaine lettuce,Chalo FreshCo,"Iceberg Lettuce Product of USA or Mexico No. 1 Grade Compliments Carrots or Yellow Onions 3 lb Bag Product of Ontario, Canada No. 1, 1.36 kg",2.99,kg,2.99,L4T0A1,2026-03-26T03:59:59+00:00,999751380,7834681,
2026-03-21,asparagus,Asparagus,Sobeys,Asparagus,4.99,defaulted_lb,11.0,M5V3L9,2026-03-26T03:59:59+00:00,1000786031,7843431,
2026-03-21,asparagus,Asparagus,Loblaws,ASPARAGUS,3.0,defaulted_lb,6.61,L4T0A1,2026-03-26T03:59:59+00:00,1000132143,7837844,
2026-03-21,asparagus,Asparagus,No Frills,"ASPARAGUS, 325 G",2.99,defaulted_lb,6.59,L4T0A1,2026-03-26T03:59:59+00:00,1000148596,7838425,
2026-03-21,asparagus,Asparagus,Metro,ASPERGES | ASPARAGUS,4.99,defaulted_lb,11.0,K1A0A1,2026-03-26T03:59:59+00:00,1000090624,7838031,
2026-03-21,asparagus,Asparagus,Provigo,"ASPARAGUS, 325 G",3.0,defaulted_lb,6.61,K1A0A1,2026-03-26T03:59:59+00:00,1000627556,7837881,
2026-03-21,asparagus,Asparagus,Zehrs,ASPARAGUS,3.0,defaulted_lb,6.61,N2L3G1,2026-03-26T03:59:59+00:00,1000198057,7838057,
2026-03-21,zucchini,Zucchini,Fortinos,"BUTTERNUT OR ZUCCHINI SWIRLS, 340G",4.49,defaulted_lb,9.9,M5V3L9,2026-03-26T03:59:59+00:00,1000656449,7837929,
2026-03-21,zucchini,Zucchini,Loblaws,"BUTTERNUT OR ZUCCHINI SWIRLS, 340 G",4.49,defaulted_lb,9.9,M5V3L9,2026-03-26T03:59:59+00:00,1000405878,7837874,
2026-03-21,zucchini,Zucchini,Maxi,COURGETTE VERTE | GREEN ZUCCHINI,2.5,defaulted_lb,5.51,K1A0A1,2026-03-26T03:59:59+00:00,999856056,7836354,
2026-03-21,zucchini,Zucchini,IGA,GREEN ZUCCHINIS OR EGGPLANTS,3.49,defaulted_lb,7.69,K1A0A1,2026-03-26T03:59:59+00:00,1000638379,7842461,
2026-03-21,grapes,Grapes,Walmart,Green seedless grapes,2.97,defaulted_lb,6.55,M5V3L9,2026-03-26T03:59:59+00:00,999684421,7832055,
2026-03-21,grapes,Grapes,Giant Tiger,Green seedless grapes,2.88,defaulted_lb,6.35,M5V3L9,2026-03-25T03:59:59+00:00,1000643423,7842221,
2026-03-21,grapes,Grapes,No Frills,GREEN or RED SEEDLESS GRAPES,3.99,defaulted_lb,8.8,M5V3L9,2026-03-26T03:59:59+00:00,1000148038,7838433,
2026-03-21,grapes,Grapes,Food Basics,GREEN OR RED SEEDLESS GRAPES,3.99,defaulted_lb,8.8,M5V3L9,2026-03-26T03:59:59+00:00,1000514532,7838080,
2026-03-21,grapes,Grapes,FreshCo,Green Seedless Grapes Product of South Africa No. 1 Grade 8.80/kg,3.99,kg,3.99,M5V3L9,2026-03-26T03:59:59+00:00,999970347,7834668,
2026-03-21,grapes,Grapes,Chalo FreshCo,Green Seedless Grapes Product of South Africa No. 1 Grade 8.80/kg,3.99,kg,3.99,L4T0A1,2026-03-26T03:59:59+00:00,999751379,7834681,
2026-03-21,grapes,Grapes,Loblaws,"PC® EXTRA LARGE GREEN OR RED SEEDLESS GRAPES, 3.99 LB OR FARMER'S MARKET™ AVOCADOS BAG, 5'S",3.99,lb,8.8,L4T0A1,2026-03-26T03:59:59+00:00,1000209240,7837844,
2026-03-21,grapes,Grapes,Metro,GROS RAISINS ROUGES OU NOIRS SANS PÉPINS | LARGE SEEDLESS RED OR BLACK GRAPES,1.97,defaulted_lb,4.34,K1A0A1,2026-03-26T03:59:59+00:00,1000089024,7838031,
2026-03-21,grapes,Grapes,Metro,RAISINS VERTS EXTRA GROS SANS PÉPINS | SEEDLESS EXTRA LARGE GREEN GRAPES,3.99,defaulted_lb,8.8,K1A0A1,2026-03-26T03:59:59+00:00,1000090468,7838031,
2026-03-21,grapes,Grapes,IGA,BLACK GRAPES,3.49,defaulted_lb,7.69,K1A0A1,2026-03-26T03:59:59+00:00,1000637907,7842461,
2026-03-21,grapes,Grapes,Provigo,PC® EXTRA LARGE GREEN OR RED SEEDLESS GRAPES OR FARMER'S MARKET™ AVOCADO BAG,3.99,defaulted_lb,8.8,K1A0A1,2026-03-26T03:59:59+00:00,1000306789,7837881,
2026-03-21,grapes,Grapes,Zehrs,"PC® EXTRA LARGE GREEN OR RED SEEDLESS GRAPES, 3.99 LB / 8.80 KG OR FARMER'S MARKET™ AVOCADOS, 5'S 3.99 EA",3.99,kg,3.99,N2L3G1,2026-03-26T03:59:59+00:00,1000302606,7838057,
2026-03-21,avocado,Avocados,Zehrs,"PC® EXTRA LARGE GREEN OR RED SEEDLESS GRAPES, 3.99 LB / 8.80 KG OR FARMER'S MARKET™ AVOCADOS, 5'S 3.99 EA",3.99,kg,3.99,N2L3G1,2026-03-26T03:59:59+00:00,1000302606,7838057,
2026-03-21,mango,Mangoes,Your Independent Grocer,"RED MANGOES, 9 LB AVG",7.77,lb,17.13,M5V3L9,2026-03-26T03:59:59+00:00,1000354758,7838094,
2026-03-21,mango,Mangoes,Loblaws,"RED MANGOES, 9 LB AVG",7.77,lb,17.13,L4T0A1,2026-03-26T03:59:59+00:00,1000132444,7837844,
2026-03-21,mango,Mangoes,Zehrs,"RED MANGOES, 9 LB AVG",7.77,lb,17.13,N2L3G1,2026-03-26T03:59:59+00:00,1000162340,7838057,
2026-03-21,lemons,Lemons,FreshCo,Pineapple Product of Costa Rica or Lemons 2 lb Bag Product of USA 907 g,3.99,lb,8.8,M5V3L9,2026-03-26T03:59:59+00:00,999967562,7834668,
2026-03-21,lemons,Lemons,Chalo FreshCo,Pineapple Product of Costa Rica or Lemons 2 lb Bag Product of USA 907 g,3.99,lb,8.8,L4T0A1,2026-03-26T03:59:59+00:00,999751387,7834681,
2026-03-21,limes,Limes,Maxi,"LIMES NATURELLEMENT IMPARFAITS SANS NOM®, sac de 1,5 lb",5.0,lb,11.02,K1A0A1,2026-03-26T03:59:59+00:00,999854823,7836354,
2026-03-21,beef_ground_regular,Ground beef (regular),No Frills,"SUFRA® HALAL LEAN GROUND BEEF, 454 g",7.49,defaulted_lb,16.51,L4T0A1,2026-03-26T03:59:59+00:00,1000151946,7838425,
2026-03-21,beef_ground_regular,Ground beef (regular),Loblaws,"GRASS FED EXTRA LEAN GROUND BEEF, 450 G",8.5,defaulted_lb,18.74,L4T0A1,2026-03-26T03:59:59+00:00,1000153244,7837844,
2026-03-21,beef_ground_regular,Ground beef (regular),Metro,BOEUF HACHÉ MAIGRE | LEAN GROUND BEEF,8.99,defaulted_lb,19.82,K1A0A1,2026-03-26T03:59:59+00:00,1000091726,7838031,
2026-03-21,beef_ground_regular,Ground beef (regular),Maxi,BŒUF HACHÉ EXTRA-MAIGRE | extra lean ground beef,9.0,defaulted_lb,19.84,K1A0A1,2026-03-26T03:59:59+00:00,999854658,7836354,
2026-03-21,beef_ground_regular,Ground beef (regular),Zehrs,"GRASS FED EXTRA LEAN GROUND BEEF, 450 G",8.5,defaulted_lb,18.74,N2L3G1,2026-03-26T03:59:59+00:00,1000302016,7838057,
=======
>>>>>>> c9b0900 (Reset flipp_history.csv and regenerate digest with strict $/lb-first logic)
=======
2026-03-21,chicken_thigh_bonein,Chicken thighs (bone-in),Real Canadian Superstore,"SUFRA® HALAL CHICKEN DRUMS OR THIGHS, UP TO 1.58 KG",16.0,kg,16.0,M5V3L9,2026-03-26T03:59:59+00:00,1000085687,7837770,
>>>>>>> ba34bb3 (Fix $/lb to $/kg logic for loose produce, regenerate data)
2026-03-21,salmon_fillet,Salmon fillets,Real Canadian Superstore,"PC® CEDAR PLANK ATLANTIC SALMON 500 G OR ASC SHRIMP 21-30/LB, 400 G",13.99,lb,30.84,M5V3L9,2026-03-26T03:59:59+00:00,1000082792,7837770,
2026-03-21,carrots_bag,Carrots (bag),FreshCo,"Iceberg Lettuce Product of USA or Mexico No. 1 Grade Compliments Carrots or Yellow Onions 3 lb Bag Product of Ontario, Canada No. 1, 1.36 kg",2.99,kg,2.99,M5V3L9,2026-03-19T04:00:00+00:00,2026-03-26T03:59:59+00:00,999971949,7834668,
2026-03-21,carrots_bag,Carrots (bag),Independent City Market,"FARMER'S MARKET™ CARROTS, 3 LB BAG, OR YELLOW ONIONS, 3 LB BAG",4.0,lb,8.82,M5V3L9,2026-03-19T04:00:00+00:00,2026-03-26T03:59:59+00:00,1000145811,7837894,
2026-03-21,carrots_bag,Carrots (bag),Your Independent Grocer,"FARMER'S MARKET™ CARROTS, 3 LB BAG OR YELLOW ONIONS, 3 LB BAG",4.0,lb,8.82,M5V3L9,2026-03-19T04:00:00+00:00,2026-03-26T03:59:59+00:00,1000358617,7838094,
2026-03-21,carrots_bag,Carrots (bag),Chalo FreshCo,"Iceberg Lettuce Product of USA or Mexico No. 1 Grade Compliments Carrots or Yellow Onions 3 lb Bag Product of Ontario, Canada No. 1, 1.36 kg",2.99,kg,2.99,L4T0A1,2026-03-19T04:00:00+00:00,2026-03-26T03:59:59+00:00,999751380,7834681,
2026-03-21,carrots_bag,Carrots (bag),Loblaws,"FARMER'S MARKET™ CARROTS, 3 LB BAG OR YELLOW ONIONS, 3 LB BAG",4.0,lb,8.82,L4T0A1,2026-03-19T04:00:00+00:00,2026-03-26T03:59:59+00:00,1000197642,7837844,
